Description,HealthSymptom,PollutionSource,EnvironmentalHazard
Residents are reporting polluted soil beds. actually,0,0,1
Citizens are complaining about itchy skin rashes and microplastic contamination and from the urban transportation hub.,1,1,1
Sensor alerts indicate persistent asthma attacks.,1,0,0
We have observed contaminated water supply and from the unregulated agricultural runoff.,0,1,1
Satellite data shows normal environmental conditions with no major issues reported. actually,0,0,0
Satellite data shows eye inflammation and radioactive waste leak.,1,0,1
Sensor alerts indicate stomach cramps and pathogen-rich runoff and from the coal-fired power plant.,1,1,1
Satellite data shows shortness of breath and particulate matter spikes and from the sewage treatment leak. actually,1,1,1
Recent samples show dangerous noise levels.,0,0,1
Sensor alerts indicate persistent asthma attacks.,1,0,0
We have observed constant headaches and carbon monoxide buildup and from the coal-fired power plant. actually,0,1,1
Experts warn of difficulty breathing and sulfur dioxide stench and from the manufacturing hub. possibly,1,1,1
Sensor alerts indicate persistent asthma attacks and toxic chemical emissions. possibly,1,0,1
There is a noticeable increase in itchy skin rashes and from the unregulated agricultural runoff.,1,1,0
The community is facing allergic reactions and from the heavy vehicle traffic.,1,1,0
We have observed chronic fatigue.,1,0,0
There is a noticeable increase in noxious smoke clouds.,0,0,1
Emergency services responded to lung congestion and dangerous noise levels.,1,0,1
Residents are reporting stomach cramps.,1,0,0
We have observed dangerous noise levels and from the mining operations.,0,1,1
Investigations reveal allergic reactions and sulfur dioxide stench and from the mining operations.,1,1,1
There is a noticeable increase in from the petrochemical refinery. possibly,0,1,0
Sensor alerts indicate burning eyes and radioactive waste leak and from the mining operations. somehow,1,1,1
Experts warn of itchy skin rashes.,1,0,0
We have observed pathogen-rich runoff and from the massive construction site. I think,0,1,1
Local news reported on throat irritation.,1,0,0
Sensor alerts indicate difficulty breathing.,1,0,0
Local news reported on noxious smoke clouds and from the local industrial plant.,0,1,1
There is a noticeable increase in itchy skin rashes and sulfur dioxide stench and from the coal-fired power plant.,1,1,1
There is a noticeable increase in carbon monoxide buildup.,0,0,1
There is a noticeable increase in burning eyes and hazardous fine dust particles and from the coal-fired power plant.,1,1,1
Recent samples show constant headaches and noxious smoke clouds and from the sewage treatment leak. I think,1,1,0
Residents are reporting from the massive construction site.,0,1,0
Citizens are complaining about hazardous fine dust particles and from the sewage treatment leak.,0,1,1
Sensor alerts indicate lung congestion. actually,1,0,0
Residents are reporting eye inflammation. somehow,1,0,0
Local news reported on severe coughing. actually,1,0,0
Residents are reporting nausea and dizziness and toxic chemical emissions. like,1,0,1
Sensor alerts indicate difficulty breathing and microplastic contamination.,1,0,1
Investigations reveal severe coughing and toxic chemical emissions.,1,0,1
The community is facing frequent diarrhea and contaminated water supply.,1,0,0
Satellite data shows allergic reactions.,1,0,0
The community is facing difficulty breathing and noxious smoke clouds.,1,0,1
Citizens are complaining about from the mining operations.,0,1,0
Residents are reporting hazardous fine dust particles and from the illegal dumping ground.,0,1,1
Experts warn of difficulty breathing and from the petrochemical refinery.,1,1,0
Residents are reporting difficulty breathing and from the local industrial plant.,1,1,0
The community is facing stomach cramps.,1,0,0
There is a noticeable increase in normal environmental conditions with no major issues reported. like,0,0,0
Experts warn of smog-filled atmosphere. possibly,0,0,1
We have observed stomach cramps and pathogen-rich runoff.,1,0,1
Satellite data shows from the coal-fired power plant.,0,1,0
Sensor alerts indicate microplastic contamination.,0,0,1
The community is facing carbon monoxide buildup.,0,0,1
We have observed severe coughing.,1,0,0
Emergency services responded to nausea and dizziness and particulate matter spikes and from the local industrial plant. I think,1,1,1
Citizens are complaining about lung congestion and toxic chemical emissions.,1,0,1
Citizens are complaining about toxic chemical emissions and from the sewage treatment leak. somehow,0,1,1
Sensor alerts indicate nausea and dizziness and from the urban transportation hub.,1,1,0
Citizens are complaining about hazardous fine dust particles.,0,0,1
Experts warn of constant headaches and carbon monoxide buildup and from the commercial boiler exhaust.,1,1,1
Sensor alerts indicate burning eyes and heavy metal leaching. possibly,1,0,1
Citizens are complaining about persistent asthma attacks and hazardous fine dust particles and from the nearby chemical factory. somehow,1,1,1
Investigations reveal normal environmental conditions with no major issues reported.,0,0,0
Residents are reporting burning eyes and contaminated water supply.,1,0,0
Recent samples show chronic fatigue and microplastic contamination.,1,0,1
The community is facing difficulty breathing and sulfur dioxide stench and from the urban transportation hub.,1,1,1
Satellite data shows burning eyes. maybe,1,0,0
Experts warn of normal environmental conditions with no major issues reported.,0,0,0
Emergency services responded to throat irritation and from the nearby chemical factory. actually,1,1,0
Investigations reveal carbon monoxide buildup.,0,0,1
Investigations reveal from the manufacturing hub.,0,1,0
Emergency services responded to stomach cramps and radioactive waste leak.,1,0,1
Emergency services responded to noxious smoke clouds.,0,0,1
Satellite data shows from the sewage treatment leak. I think,0,1,0
The community is facing nausea and dizziness and contaminated water supply.,1,0,1
We have observed constant headaches and hazardous fine dust particles and from the nearby chemical factory. maybe,1,1,1
Recent samples show allergic reactions. actually,1,0,0
Emergency services responded to nausea and dizziness.,1,0,0
There is a noticeable increase in pathogen-rich runoff and from the metal processing unit.,0,1,1
Emergency services responded to from the mining operations. like,0,1,0
The community is facing normal environmental conditions with no major issues reported.,0,1,0
We have observed from the coal-fired power plant.,0,1,0
Citizens are complaining about dangerous noise levels.,0,0,1
We have observed microplastic contamination and from the illegal dumping ground.,0,1,1
Recent samples show hazardous fine dust particles.,0,0,1
Sensor alerts indicate pathogen-rich runoff.,0,0,1
Local news reported on radioactive waste leak.,0,0,1
Experts warn of shortness of breath and from the commercial boiler exhaust.,1,1,0
Residents are reporting sulfur dioxide stench and from the unregulated agricultural runoff.,0,1,1
Residents are reporting from the mining operations. I think,0,1,0
Local news reported on sulfur dioxide stench. actually,0,0,1
Residents are reporting from the massive construction site.,0,1,0
Satellite data shows nausea and dizziness.,1,0,0
Investigations reveal from the urban transportation hub.,0,1,0
The community is facing throat irritation and noxious smoke clouds and from the manufacturing hub.,1,1,1
We have observed persistent asthma attacks.,1,0,0
We have observed normal environmental conditions with no major issues reported.,0,0,0
Sensor alerts indicate itchy skin rashes.,1,0,0
The community is facing allergic reactions and from the heavy vehicle traffic.,1,1,0
The community is facing throat irritation and dangerous noise levels.,1,0,1
Sensor alerts indicate shortness of breath and from the unregulated agricultural runoff.,1,1,0
Local news reported on burning eyes and from the commercial boiler exhaust.,1,1,0
Investigations reveal burning eyes and polluted soil beds and from the sewage treatment leak.,1,1,1
The community is facing lung congestion and from the urban transportation hub.,1,1,0
The community is facing normal environmental conditions with no major issues reported.,0,0,0
Experts warn of radioactive waste leak and from the heavy vehicle traffic. somehow,0,1,1
Investigations reveal from the sewage treatment leak. like,0,1,0
The community is facing lung congestion and toxic chemical emissions and from the coal-fired power plant.,1,1,1
Experts warn of from the illegal dumping ground. like,0,1,0
There is a noticeable increase in difficulty breathing and pathogen-rich runoff and from the manufacturing hub.,1,1,1
Recent samples show eye inflammation.,1,0,0
Residents are reporting shortness of breath and polluted soil beds.,1,0,1
Citizens are complaining about from the unregulated agricultural runoff. like,0,1,0
Investigations reveal chronic fatigue and smog-filled atmosphere and from the petrochemical refinery.,1,1,1
Experts warn of shortness of breath. I think,1,0,0
Recent samples show hazardous fine dust particles.,0,0,1
Local news reported on burning eyes and dangerous noise levels and from the unregulated agricultural runoff.,1,1,1
Experts warn of particulate matter spikes.,0,0,1
We have observed stomach cramps and microplastic contamination and from the sewage treatment leak.,1,1,1
Citizens are complaining about allergic reactions and heavy metal leaching. like,1,0,1
Satellite data shows toxic chemical emissions.,0,0,1
Local news reported on lung congestion. possibly,1,0,0
Investigations reveal hazardous fine dust particles. I think,0,0,1
There is a noticeable increase in heavy metal leaching.,0,0,1
Satellite data shows nausea and dizziness and particulate matter spikes.,1,0,1
Investigations reveal pathogen-rich runoff. somehow,0,0,1
The community is facing burning eyes. I think,1,0,0
The community is facing allergic reactions and from the metal processing unit. like,1,1,0
Experts warn of from the metal processing unit. possibly,0,1,0
Recent samples show from the petrochemical refinery.,0,1,0
There is a noticeable increase in eye inflammation and harmful ozone levels.,1,0,1
Residents are reporting dangerous noise levels and from the nearby chemical factory. maybe,0,1,1
Citizens are complaining about persistent asthma attacks and from the local industrial plant.,1,1,0
Residents are reporting radioactive waste leak and from the heavy vehicle traffic.,0,1,1
Citizens are complaining about chronic fatigue and polluted soil beds and from the manufacturing hub.,1,1,1
We have observed burning eyes and smog-filled atmosphere.,1,0,1
Local news reported on from the illegal dumping ground.,0,1,0
Sensor alerts indicate smog-filled atmosphere and from the waste incineration facility.,0,1,1
Satellite data shows from the heavy vehicle traffic.,0,1,0
Recent samples show throat irritation and from the metal processing unit. actually,1,1,0
Local news reported on severe coughing and sulfur dioxide stench.,1,0,1
Local news reported on burning eyes.,1,0,0
Residents are reporting throat irritation and particulate matter spikes and from the urban transportation hub.,1,1,1
Satellite data shows itchy skin rashes.,1,0,0
There is a noticeable increase in constant headaches and from the unregulated agricultural runoff.,1,1,0
Satellite data shows frequent diarrhea and harmful ozone levels.,1,0,1
There is a noticeable increase in nausea and dizziness and toxic chemical emissions and from the petrochemical refinery. I think,1,1,1
Sensor alerts indicate pathogen-rich runoff.,0,0,1
Experts warn of frequent diarrhea and from the local industrial plant.,1,1,0
Emergency services responded to particulate matter spikes and from the manufacturing hub.,0,1,1
Recent samples show eye inflammation and smog-filled atmosphere. I think,1,0,1
Experts warn of lung congestion and noxious smoke clouds and from the heavy vehicle traffic. I think,1,1,1
Investigations reveal allergic reactions and smog-filled atmosphere and from the metal processing unit.,1,1,1
Experts warn of constant headaches and dangerous noise levels.,1,0,1
Residents are reporting dangerous noise levels. like,0,0,1
Experts warn of lung congestion and polluted soil beds and from the massive construction site. like,1,1,1
Local news reported on itchy skin rashes and radioactive waste leak and from the illegal dumping ground. actually,1,1,1
Local news reported on stomach cramps and polluted soil beds and from the commercial boiler exhaust.,1,0,1
The community is facing toxic chemical emissions and from the petrochemical refinery.,0,1,1
Satellite data shows from the urban transportation hub. like,0,1,0
Sensor alerts indicate difficulty breathing. I think,1,0,0
Local news reported on from the commercial boiler exhaust.,0,1,0
Recent samples show frequent diarrhea.,1,0,0
Recent samples show difficulty breathing and from the nearby chemical factory.,1,1,0
Recent samples show hazardous fine dust particles.,0,0,1
Experts warn of frequent diarrhea.,1,0,1
Citizens are complaining about difficulty breathing.,1,0,0
The community is facing frequent diarrhea and smog-filled atmosphere and from the nearby chemical factory. somehow,1,1,1
Emergency services responded to shortness of breath.,1,0,0
The community is facing allergic reactions and particulate matter spikes and from the waste incineration facility.,1,1,1
Local news reported on dangerous noise levels and from the waste incineration facility.,0,1,1
Satellite data shows persistent asthma attacks and heavy metal leaching. I think,1,0,1
Satellite data shows lung congestion and heavy metal leaching.,1,0,1
We have observed eye inflammation and polluted soil beds. maybe,1,0,1
Satellite data shows eye inflammation and hazardous fine dust particles and from the metal processing unit.,1,1,1
Local news reported on throat irritation and smog-filled atmosphere and from the unregulated agricultural runoff.,1,1,1
Investigations reveal particulate matter spikes and from the heavy vehicle traffic.,0,1,1
Satellite data shows stomach cramps and from the massive construction site.,1,1,0
Residents are reporting itchy skin rashes.,1,0,0
The community is facing harmful ozone levels. possibly,0,0,1
The community is facing stomach cramps and particulate matter spikes and from the urban transportation hub. actually,1,1,1
Experts warn of itchy skin rashes. actually,1,0,0
We have observed constant headaches and from the sewage treatment leak.,1,1,0
Residents are reporting severe coughing and smog-filled atmosphere and from the urban transportation hub.,1,1,1
Satellite data shows from the petrochemical refinery.,0,1,0
Emergency services responded to allergic reactions and particulate matter spikes.,1,0,1
Residents are reporting polluted soil beds and from the local industrial plant.,0,1,1
Residents are reporting constant headaches.,1,0,0
We have observed itchy skin rashes and radioactive waste leak and from the heavy vehicle traffic.,1,1,1
Sensor alerts indicate burning eyes.,1,0,0
The community is facing heavy metal leaching.,0,0,1
Residents are reporting eye inflammation and pathogen-rich runoff.,1,0,1
Residents are reporting difficulty breathing.,1,0,0
Experts warn of normal environmental conditions with no major issues reported. like,0,0,0
Residents are reporting itchy skin rashes and from the sewage treatment leak. somehow,1,1,0
Satellite data shows particulate matter spikes.,0,0,1
Residents are reporting severe coughing and from the illegal dumping ground.,1,1,0
Residents are reporting lung congestion and particulate matter spikes. possibly,1,0,1
Residents are reporting sulfur dioxide stench.,0,0,1
Citizens are complaining about microplastic contamination. I think,0,0,1
Sensor alerts indicate from the heavy vehicle traffic.,0,1,0
There is a noticeable increase in radioactive waste leak and from the sewage treatment leak.,0,1,1
Sensor alerts indicate normal environmental conditions with no major issues reported. maybe,0,0,0
Sensor alerts indicate heavy metal leaching.,0,0,1
Local news reported on frequent diarrhea.,1,1,0
Satellite data shows difficulty breathing.,1,0,0
Recent samples show pathogen-rich runoff.,0,0,1
Emergency services responded to burning eyes. actually,1,0,0
Residents are reporting from the local industrial plant.,0,1,0
There is a noticeable increase in normal environmental conditions with no major issues reported. actually,0,0,0
Satellite data shows particulate matter spikes.,0,0,1
Recent samples show contaminated water supply.,0,0,1
Sensor alerts indicate itchy skin rashes and smog-filled atmosphere and from the illegal dumping ground.,1,1,1
Satellite data shows pathogen-rich runoff and from the sewage treatment leak.,0,1,1
Investigations reveal normal environmental conditions with no major issues reported.,0,0,0
Satellite data shows microplastic contamination and from the local industrial plant.,0,1,1
Experts warn of pathogen-rich runoff and from the heavy vehicle traffic. maybe,0,1,1
Recent samples show normal environmental conditions with no major issues reported.,1,0,0
Local news reported on shortness of breath and from the coal-fired power plant. actually,1,1,0
Residents are reporting heavy metal leaching.,0,0,1
We have observed from the coal-fired power plant.,0,1,0
Emergency services responded to toxic chemical emissions and from the local industrial plant.,0,1,1
Sensor alerts indicate microplastic contamination and from the sewage treatment leak. possibly,0,1,1
Sensor alerts indicate persistent asthma attacks.,1,0,0
Local news reported on radioactive waste leak and from the waste incineration facility. somehow,0,1,1
Satellite data shows shortness of breath.,1,0,0
Investigations reveal difficulty breathing and from the nearby chemical factory.,1,1,0
Satellite data shows persistent asthma attacks.,1,0,0
Emergency services responded to severe coughing.,1,0,0
Sensor alerts indicate from the waste incineration facility.,0,1,0
Emergency services responded to from the metal processing unit. I think,0,1,0
Satellite data shows eye inflammation and from the unregulated agricultural runoff.,1,1,0
Satellite data shows from the metal processing unit. actually,0,1,0
The community is facing nausea and dizziness.,1,0,0
There is a noticeable increase in dangerous noise levels.,0,0,1
Citizens are complaining about lung congestion and from the waste incineration facility. like,1,1,0
Recent samples show burning eyes and contaminated water supply.,1,0,1
Investigations reveal throat irritation. possibly,1,0,0
There is a noticeable increase in polluted soil beds.,0,0,1
Satellite data shows from the petrochemical refinery.,0,1,0
The community is facing nausea and dizziness. I think,1,0,0
Investigations reveal from the nearby chemical factory.,0,1,0
Emergency services responded to severe coughing and polluted soil beds. somehow,1,0,1
Investigations reveal itchy skin rashes and radioactive waste leak.,1,0,1
Citizens are complaining about normal environmental conditions with no major issues reported.,0,0,0
Satellite data shows sulfur dioxide stench and from the petrochemical refinery. maybe,0,1,1
The community is facing frequent diarrhea and heavy metal leaching.,1,0,1
Satellite data shows itchy skin rashes. actually,1,0,0
Satellite data shows contaminated water supply and from the commercial boiler exhaust.,0,1,1
Citizens are complaining about from the coal-fired power plant.,0,1,0
We have observed constant headaches and radioactive waste leak. I think,1,0,1
The community is facing polluted soil beds. I think,0,0,1
Emergency services responded to toxic chemical emissions and from the coal-fired power plant.,0,1,1
Investigations reveal harmful ozone levels.,0,0,1
Sensor alerts indicate from the unregulated agricultural runoff.,0,1,0
Residents are reporting shortness of breath and from the petrochemical refinery.,1,1,0
We have observed allergic reactions.,1,0,0
Citizens are complaining about normal environmental conditions with no major issues reported. I think,0,0,0
Emergency services responded to noxious smoke clouds.,0,0,1
Sensor alerts indicate severe coughing. like,1,0,0
Recent samples show from the illegal dumping ground.,0,1,0
The community is facing nausea and dizziness.,1,0,0
Residents are reporting from the commercial boiler exhaust.,0,1,0
Residents are reporting smog-filled atmosphere.,0,0,1
Experts warn of smog-filled atmosphere and from the local industrial plant.,0,1,1
We have observed normal environmental conditions with no major issues reported.,0,0,0
Satellite data shows harmful ozone levels.,0,0,1
There is a noticeable increase in normal environmental conditions with no major issues reported. possibly,0,0,0
Satellite data shows itchy skin rashes and from the sewage treatment leak.,1,1,0
Satellite data shows polluted soil beds. possibly,0,0,1
Emergency services responded to constant headaches and radioactive waste leak.,1,0,1
Recent samples show constant headaches and polluted soil beds.,1,0,1
We have observed from the commercial boiler exhaust.,0,1,0
The community is facing carbon monoxide buildup and from the urban transportation hub.,0,1,1
Sensor alerts indicate microplastic contamination and from the illegal dumping ground.,0,1,1
Recent samples show lung congestion.,1,0,0
Experts warn of radioactive waste leak. I think,0,0,1
Citizens are complaining about harmful ozone levels. maybe,0,0,1
Experts warn of shortness of breath and microplastic contamination. I think,1,0,1
Experts warn of polluted soil beds.,0,0,1
There is a noticeable increase in sulfur dioxide stench and from the nearby chemical factory.,0,1,1
Experts warn of microplastic contamination and from the nearby chemical factory. possibly,0,1,1
Satellite data shows harmful ozone levels.,0,0,1
There is a noticeable increase in toxic chemical emissions.,0,0,1
Sensor alerts indicate frequent diarrhea.,1,0,0
Satellite data shows nausea and dizziness and smog-filled atmosphere and from the illegal dumping ground. possibly,1,1,1
Residents are reporting chronic fatigue and contaminated water supply and from the mining operations.,1,1,1
Sensor alerts indicate particulate matter spikes.,0,0,1
Experts warn of severe coughing and sulfur dioxide stench.,1,0,1
Investigations reveal smog-filled atmosphere and from the commercial boiler exhaust.,0,1,1
Recent samples show from the coal-fired power plant.,0,1,0
Satellite data shows itchy skin rashes.,1,0,0
Sensor alerts indicate from the waste incineration facility. somehow,0,1,0
Satellite data shows radioactive waste leak and from the commercial boiler exhaust.,0,1,1
Emergency services responded to throat irritation and contaminated water supply and from the coal-fired power plant.,1,1,1
Experts warn of heavy metal leaching and from the waste incineration facility.,0,1,1
We have observed allergic reactions and polluted soil beds and from the commercial boiler exhaust.,1,1,1
Sensor alerts indicate from the coal-fired power plant. maybe,0,1,0
We have observed nausea and dizziness.,1,0,0
Residents are reporting polluted soil beds. I think,0,0,1
We have observed from the urban transportation hub. maybe,0,1,0
Emergency services responded to itchy skin rashes and from the local industrial plant. somehow,1,1,0
Residents are reporting smog-filled atmosphere.,0,0,1
Investigations reveal nausea and dizziness. like,1,0,0
Satellite data shows harmful ozone levels.,0,0,1
Emergency services responded to lung congestion and radioactive waste leak and from the heavy vehicle traffic. actually,1,1,1
Citizens are complaining about burning eyes and from the unregulated agricultural runoff. actually,1,1,0
Experts warn of burning eyes and from the massive construction site. like,1,1,0
Experts warn of throat irritation.,1,0,0
Local news reported on lung congestion.,1,0,0
The community is facing noxious smoke clouds.,0,0,1
Recent samples show eye inflammation and particulate matter spikes and from the commercial boiler exhaust.,1,1,1
There is a noticeable increase in smog-filled atmosphere and from the heavy vehicle traffic.,0,1,1
Local news reported on toxic chemical emissions.,0,0,1
Residents are reporting throat irritation and carbon monoxide buildup and from the illegal dumping ground.,1,1,1
We have observed allergic reactions. like,1,0,0
Residents are reporting severe coughing and from the mining operations.,1,1,0
Emergency services responded to normal environmental conditions with no major issues reported.,0,0,0
Experts warn of lung congestion and radioactive waste leak and from the waste incineration facility.,1,1,1
Local news reported on persistent asthma attacks and smog-filled atmosphere and from the nearby chemical factory. I think,1,1,1
Recent samples show nausea and dizziness and from the massive construction site.,1,1,0
Investigations reveal throat irritation and noxious smoke clouds. maybe,1,0,1
Satellite data shows harmful ozone levels and from the massive construction site.,0,1,1
The community is facing difficulty brething.,1,0,0
We have observed contaminated water supply and from the coal-fired power plant.,0,1,1
The community is facing stomach cramps and toxic chemical emissions and from the unregulated agricultural runoff. possibly,1,1,1
Satellite data shows eye inflammation.,1,0,0
We have observed severe coughing and from the metal processing unit.,1,0,0
Experts warn of noxious smoke clouds and from the urban transportation hub.,0,1,1
Local news reported on allergic reactions and particulate matter spikes and from the sewage treatment leak.,1,1,1
Investigations reveal smog-filled atmosphere.,0,0,1
Recent samples show frequent diarrhea and hazardous fine dust particles and from the urban transportation hub.,1,1,1
Residents are reporting eye inflammation and toxic chemical emissions. I think,1,0,1
Sensor alerts indicate from the local industrial plant.,0,1,0
Satellite data shows from the sewage treatment leak.,0,1,0
Recent samples show eye inflammation.,1,0,0
There is a noticeable increase in heavy metal leaching.,0,0,1
Satellite data shows lung congestion and from the massive construction site.,1,1,0
The community is facing radioactive waste leak and from the metal processing unit.,0,1,1
Satellite data shows eye inflammation and toxic chemical emissions.,1,0,1
Residents are reporting frequent diarrhea and from the commercial boiler exhaust.,1,1,0
There is a noticeable increase in normal environmental conditions with no major issues reported.,0,0,0
Satellite data shows severe coughing.,1,0,0
Citizens are complaining about shortness of breath.,1,0,0
Emergency services responded to shortness of breath and smog-filled atmosphere.,1,0,1
Citizens are complaining about toxic chemical emissions.,0,0,1
Recent samples show pathogen-rich runoff.,0,0,1
Investigations reveal stomach cramps.,1,0,0
Satellite data shows from the commercial boiler exhaust.,0,1,0
Sensor alerts indicate noxious smoke clouds and from the urban transportation hub. I think,0,1,1
Citizens are complaining about throat irritation and contaminated water supply and from the sewage treatment leak.,1,1,1
Citizens are complaining about shortness of breath and toxic chemical emissions.,1,0,1
Local news reported on itchy skin rashes and harmful ozone levels and from the petrochemical refinery.,1,1,1
Investigations reveal itchy skin rashes and harmful ozone levels. actually,1,0,1
Emergency services responded to from the massive construction site.,0,1,0
Satellite data shows pathogen-rich runoff and from the urban transportation hub.,0,1,1
Satellite data shows from the unregulated agricultural runoff. possibly,0,1,0
Experts warn of from the local industrial plant. like,0,1,0
We have observed from the metal processing unit.,0,1,0
Investigations reveal shortness of breath.,1,0,0
Emergency services responded to harmful ozone levels.,0,0,1
Citizens are complaining about severe coughing and noxious smoke clouds.,1,0,1
Emergency services responded to allergic reactions. somehow,1,0,0
Sensor alerts indicate toxic chemical emissions. I think,0,0,1
Satellite data shows difficulty breathing.,1,0,0
Citizens are complaining about throat irritation. I think,1,0,0
Local news reported on severe coughing and microplastic contamination and from the illegal dumping ground.,1,1,1
Residents are reporting normal environmental conditions with no major issues reported.,0,0,0
Citizens are complaining about eye inflammation and pathogen-rich runoff.,1,0,1
Citizens are complaining about eye inflammation and microplastic contamination.,1,0,1
Residents are reporting severe coughing and from the waste incineration facility.,1,1,0
Citizens are complaining about frequent diarrhea and harmful ozone levels and from the commercial boiler exhaust. possibly,1,1,1
Citizens are complaining about constant headaches and from the coal-fired power plant.,1,0,0
Local news reported on from the manufacturing hub. possibly,0,1,0
Satellite data shows smog-filled atmosphere.,0,0,1
We have observed nausea and dizziness and from the manufacturing hub.,1,1,0
Investigations reveal allergic reactions and from the sewage treatment leak.,1,1,0
Experts warn of lung congestion and from the commercial boiler exhaust. like,1,1,0
Residents are reporting from the urban transportation hub.,0,1,0
Sensor alerts indicate pathogen-rich runoff.,0,0,1
The community is facing severe coughing and dangerous noise levels and from the illegal dumping ground. like,1,1,1
Local news reported on nausea and dizziness. actually,1,0,0
Satellite data shows from the illegal dumping ground.,0,1,0
There is a noticeable increase in lung congestion and heavy metal leaching and from the unregulated agricultural runoff.,1,1,1
Emergency services responded to lung congestion and carbon monoxide buildup and from the urban transportation hub.,1,1,1
Investigations reveal constant headaches and radioactive waste leak and from the waste incineration facility.,1,1,1
Investigations reveal constant headaches and noxious smoke clouds and from the nearby chemical factory. possibly,1,1,1
The community is facing microplastic contamination and from the mining operations.,0,1,1
Local news reported on itchy skin rashes.,1,0,0
There is a noticeable increase in chronic fatigue and smog-filled atmosphere.,1,0,1
Investigations reveal lung congestion. I think,1,0,0
Citizens are complaining about itchy skin rashes and harmful ozone levels. like,1,0,1
Residents are reporting polluted soil beds and from the nearby chemical factory. possibly,0,1,1
The community is facing severe coughing and polluted soil beds and from the metal processing unit.,1,1,1
There is a noticeable increase in smog-filled atmosphere.,0,0,1
Satellite data shows contaminated water supply and from the metal processing unit.,0,1,1
Emergency services responded to stomach cramps and from the petrochemical refinery. somehow,1,1,0
The community is facing constant headaches and from the unregulated agricultural runoff.,1,1,0
Investigations reveal difficulty breathing and particulate matter spikes and from the unregulated agricultural runoff.,1,1,1
We have observed severe coughing.,1,0,0
Investigations reveal shortness of breath and microplastic contamination. like,1,0,1
There is a noticeable increase in from the illegal dumping ground.,0,1,0
Emergency services responded to from the petrochemical refinery.,0,1,0
Emergency services responded to stomach cramps and dangerous noise levels.,1,0,1
Residents are reporting smog-filled atmosphere.,0,0,1
We have observed sulfur dioxide stench.,0,0,1
Residents are reporting severe coughing and radioactive waste leak and from the mining operations.,1,1,1
We have observed particulate matter spikes.,0,0,1
There is a noticeable increase in eye inflammation.,1,0,0
Satellite data shows difficulty breathing and dangerous noise levels and from the heavy vehicle traffic. maybe,1,1,1
There is a noticeable increase in burning eyes and from the heavy vehicle traffic.,1,1,0
The community is facing from the nearby chemical factory.,0,1,0
Sensor alerts indicate constant headaches. possibly,1,0,0
There is a noticeable increase in burning eyes and toxic chemical emissions. maybe,1,0,1
Citizens are complaining about difficulty breathing and from the massive construction site. somehow,1,1,0
Emergency services responded to lung congestion and polluted soil beds and from the unregulated agricultural runoff.,1,1,1
Investigations reveal toxic chemical emissions and from the sewage treatment leak. maybe,0,1,1
Local news reported on harmful ozone levels and from the nearby chemical factory.,0,1,1
Experts warn of persistent asthma attacks and radioactive waste leak.,1,0,1
Emergency services responded to dangerous noise levels and from the urban transportation hub. possibly,0,1,1
Residents are reporting itchy skin rashes.,1,0,0
Sensor alerts indicate from the waste incineration facility. maybe,0,1,0
Sensor alerts indicate heavy metal leaching.,0,0,1
Citizens are complaining about difficulty breathing. possibly,1,0,0
Citizens are complaining about hazardous fine dust particles and from the unregulated agricultural runoff.,0,1,1
Sensor alerts indicate from the coal-fired power plant.,0,1,0
Local news reported on noxious smoke clouds. I think,0,0,1
Emergency services responded to lung congestion and particulate matter spikes.,1,0,1
There is a noticeable increase in constant headaches and heavy metal leaching and from the unregulated agricultural runoff.,1,1,1
Local news reported on from the metal processing unit.,0,1,0
Residents are reporting frequent diarrhea and sulfur dioxide stench.,1,1,1
Experts warn of lung congestion. somehow,1,0,0
Citizens are complaining about microplastic contamination.,0,0,1
Emergency services responded to normal environmental conditions with no major issues reported.,0,0,0
There is a noticeable increase in harmful ozone levels and from the massive construction site. somehow,0,1,1
Residents are reporting radioactive waste leak and from the unregulated agricultural runoff.,0,1,1
Satellite data shows from the commercial boiler exhaust.,0,1,0
We have observed from the urban transportation hub.,0,1,0
Experts warn of toxic chemical emissions.,0,0,1
The community is facing from the coal-fired power plant.,0,1,0
Citizens are complaining about polluted soil beds and from the metal processing unit.,0,1,1
The community is facing normal environmental conditions with no major issues reported. maybe,0,0,0
Investigations reveal severe coughing and toxic chemical emissions and from the massive construction site.,1,1,1
Experts warn of nausea and dizziness and carbon monoxide buildup.,1,0,1
We have observed burning eyes and from the sewage treatment leak.,1,1,0
Citizens are complaining about throat irritation. I think,1,0,0
Local news reported on normal environmental conditions with no major issues reported. somehow,0,0,0
Sensor alerts indicate from the urban transportation hub.,0,1,0
Recent samples show from the mining operations.,0,1,0
The community is facing from the commercial boiler exhaust.,0,1,0
Recent samples show constant headaches and from the coal-fired power plant. possibly,1,1,0
Local news reported on toxic chemical emissions.,0,0,1
Citizens are complaining about harmful ozone levels and from the coal-fired power plant.,0,1,1
We have observed radioactive waste leak and from the sewage treatment leak. like,0,1,0
Local news reported on nausea and dizziness and from the heavy vehicle traffic.,1,1,0
Local news reported on from the mining operations. somehow,0,1,0
Citizens are complaining about chronic fatigue. somehow,1,1,0
We have observed smog-filled atmosphere and from the urban transportation hub.,0,1,1
Experts warn of from the commercial boiler exhaust.,0,1,0
The community is facing nausea and dizziness.,1,0,0
Local news reported on constant headaches and harmful ozone levels. I think,1,0,1
We have observed normal environmental conditions with no major issues reported. somehow,0,0,0
Recent samples show particulate matter spikes and from the sewage treatment leak.,0,1,1
We have observed from the manufacturing hub.,0,1,0
The community is facing difficulty breathing. possibly,1,0,0
Recent samples show constant headaches and microplastic contamination.,1,0,1
There is a noticeable increase in heavy metal leaching and from the mining operations.,0,1,1
The community is facing difficulty brething. actually,1,0,0
There is a noticeable increase in from the massive construction site.,0,1,0
Recent samples show throat irritation.,1,0,0
The community is facing from the commercial boiler exhaust.,0,1,0
The community is facing sulfur dioxide stench and from the petrochemical refinery. actually,0,1,1
Experts warn of throat irritation and noxious smoke clouds and from the sewage treatment leak.,1,1,1
Investigations reveal chronic fatigue.,1,0,0
There is a noticeable increase in allergic reactions and from the commercial boiler exhaust.,1,1,0
There is a noticeable increase in burning eyes and contaminated water supply.,1,0,1
We have observed frequent diarrhea and microplastic contamination.,1,0,1
Investigations reveal severe coughing.,1,0,0
Residents are reporting microplastic contamination.,0,0,1
The community is facing constant headaches and harmful ozone levels and from the petrochemical refinery.,1,1,1
Citizens are complaining about itchy skin rashes.,1,0,0
Satellite data shows persistent asthma attacks and from the manufacturing hub.,1,1,0
There is a noticeable increase in chronic fatigue and sulfur dioxide stench and from the manufacturing hub. I think,1,1,1
Investigations reveal toxic chemical emissions.,0,0,1
Local news reported on from the local industrial plant.,0,1,0
Sensor alerts indicate microplastic contamination and from the sewage treatment leak.,0,1,1
The community is facing from the unregulated agricultural runoff.,0,1,0
We have observed dangerous noise levels. like,0,0,1
Residents are reporting allergic reactions and hazardous fine dust particles and from the metal processing unit. possibly,1,1,1
Emergency services responded to from the nearby chemical factory.,0,1,0
Satellite data shows allergic reactions. maybe,1,0,0
Investigations reveal polluted soil beds.,0,0,1
We have observed from the illegal dumping ground.,0,1,0
We have observed microplastic contamination.,0,0,1
Satellite data shows lung congestion and toxic chemical emissions.,1,0,1
Investigations reveal chronic fatigue.,1,0,0
Sensor alerts indicate persistent asthma attacks and from the illegal dumping ground.,1,1,0
Investigations reveal burning eyes and from the local industrial plant.,1,1,0
We have observed hazardous fine dust particles.,0,0,1
Residents are reporting toxic chemical emissions. like,0,0,1
There is a noticeable increase in carbon monoxide buildup and from the urban transportation hub. possibly,0,1,1
Local news reported on harmful ozone levels.,1,0,1
Satellite data shows noxious smoke clouds.,0,0,1
Citizens are complaining about heavy metal leaching and from the manufacturing hub.,0,1,1
Local news reported on stomach cramps.,1,0,0
Satellite data shows normal environmental conditions with no major issues reported. maybe,0,0,0
We have observed chronic fatigue and microplastic contamination and from the nearby chemical factory.,1,1,1
Investigations reveal from the urban transportation hub.,0,1,0
Investigations reveal noxious smoke clouds and from the illegal dumping ground.,0,1,1
Recent samples show carbon monoxide buildup.,0,0,1
Investigations reveal radioactive waste leak and from the nearby chemical factory.,0,1,1
The community is facing chronic fatigue and particulate matter spikes and from the waste incineration facility.,1,1,1
We have observed from the waste incineration facility.,0,1,0
Satellite data shows harmful ozone levels. actually,0,0,1
Investigations reveal microplastic contamination and from the coal-fired power plant. maybe,0,1,1
Investigations reveal polluted soil beds.,0,0,1
Sensor alerts indicate persistent asthma attacks and heavy metal leaching. somehow,1,0,1
Investigations reveal persistent asthma attacks and from the metal processing unit.,1,1,0
Local news reported on stomach cramps.,1,1,0
Residents are reporting allergic reactions.,1,0,0
Citizens are complaining about from the commercial boiler exhaust.,0,1,0
Citizens are complaining about carbon monoxide buildup. like,0,0,1
Residents are reporting normal environmental conditions with no major issues reported.,0,0,0
Experts warn of pathogen-rich runoff. like,0,0,1
Citizens are complaining about pathogen-rich runoff and from the mining operations.,0,1,1
Sensor alerts indicate throat irritation and from the waste incineration facility.,1,1,0
The community is facing allergic reactions.,1,0,0
There is a noticeable increase in severe coughing and radioactive waste leak and from the coal-fired power plant.,1,1,1
There is a noticeable increase in persistent asthma attacks and carbon monoxide buildup. possibly,1,0,1
Sensor alerts indicate stomach cramps.,1,0,0
Local news reported on lung congestion and hazardous fine dust particles and from the petrochemical refinery. I think,1,1,1
Experts warn of hazardous fine dust particles.,0,0,1
Investigations reveal toxic chemical emissions.,0,0,1
Sensor alerts indicate severe coughing.,1,0,0
Recent samples show carbon monoxide buildup.,0,0,1
Local news reported on from the mining operations.,0,1,0
Sensor alerts indicate particulate matter spikes and from the heavy vehicle traffic.,0,1,1
Citizens are complaining about shortness of breath and carbon monoxide buildup.,1,0,1
Local news reported on difficulty brething and harmful ozone levels and from the manufacturing hub.,1,1,1
There is a noticeable increase in severe coughing and radioactive waste leak.,1,0,1
Local news reported on severe coughing. maybe,1,0,0
Citizens are complaining about difficulty breathing and from the illegal dumping ground. actually,1,1,0
We have observed difficulty brething and hazardous fine dust particles. possibly,1,0,1
Citizens are complaining about stomach cramps and hazardous fine dust particles.,1,0,1
Experts warn of hazardous fine dust particles and from the waste incineration facility.,0,1,1
Investigations reveal pathogen-rich runoff and from the illegal dumping ground.,0,1,1
Recent samples show shortness of breath and from the commercial boiler exhaust.,1,1,0
Recent samples show eye inflammation and from the local industrial plant. possibly,1,1,0
Residents are reporting from the unregulated agricultural runoff. I think,0,1,0
Investigations reveal itchy skin rashes and polluted soil beds and from the manufacturing hub.,1,1,1
There is a noticeable increase in hazardous fine dust particles and from the manufacturing hub.,0,1,1
Investigations reveal chronic fatigue and from the manufacturing hub.,1,1,0
Recent samples show from the sewage treatment leak. like,0,1,0
Emergency services responded to microplastic contamination. like,0,0,1
There is a noticeable increase in from the manufacturing hub.,0,1,0
Sensor alerts indicate polluted soil beds and from the petrochemical refinery.,0,1,1
There is a noticeable increase in normal environmental conditions with no major issues reported. somehow,0,0,0
Residents are reporting stomach cramps. maybe,1,0,0
We have observed heavy metal leaching.,0,0,1
There is a noticeable increase in noxious smoke clouds.,0,0,1
Residents are reporting from the local industrial plant. I think,0,1,1
Emergency services responded to shortness of breath and toxic chemical emissions. possibly,1,0,1
Emergency services responded to chronic fatigue and particulate matter spikes.,1,0,1
Investigations reveal smog-filled atmosphere. actually,0,0,1
Recent samples show nausea and dizziness and sulfur dioxide stench. somehow,1,0,1
Residents are reporting shortness of breath and smog-filled atmosphere and from the heavy vehicle traffic. somehow,1,1,1
Sensor alerts indicate burning eyes and noxious smoke clouds and from the manufacturing hub.,1,1,1
Citizens are complaining about shortness of breath and sulfur dioxide stench. actually,1,0,1
Citizens are complaining about persistent asthma attacks and from the nearby chemical factory. I think,1,1,0
Citizens are complaining about nausea and dizziness. possibly,1,0,0
Experts warn of from the massive construction site.,0,1,0
The community is facing allergic reactions. actually,1,0,0
Experts warn of smog-filled atmosphere. maybe,0,0,1
There is a noticeable increase in from the coal-fired power plant. possibly,0,1,0
Investigations reveal chronic fatigue and heavy metal leaching.,1,0,1
Sensor alerts indicate harmful ozone levels and from the petrochemical refinery.,0,1,1
Investigations reveal chronic fatigue and from the nearby chemical factory.,1,1,0
Satellite data shows burning eyes.,1,0,0
Investigations reveal radioactive waste leak.,0,0,1
Local news reported on heavy metal leaching and from the metal processing unit.,0,1,1
Experts warn of lung congestion and from the unregulated agricultural runoff. somehow,1,1,1
Recent samples show throat irritation and radioactive waste leak and from the nearby chemical factory. possibly,1,1,1
The community is facing polluted soil beds and from the unregulated agricultural runoff. somehow,0,1,1
We have observed throat irritation and smog-filled atmosphere and from the local industrial plant.,1,1,1
Satellite data shows from the urban transportation hub.,0,1,0
Sensor alerts indicate lung congestion and from the sewage treatment leak.,1,1,0
Investigations reveal constant headaches and dangerous noise levels and from the coal-fired power plant. actually,1,1,1
Satellite data shows toxic chemical emissions. somehow,0,0,1
Sensor alerts indicate constant headaches. actually,1,0,0
Residents are reporting particulate matter spikes. possibly,0,0,1
There is a noticeable increase in pathogen-rich runoff and from the unregulated agricultural runoff.,0,1,1
Experts warn of eye inflammation.,1,0,0
There is a noticeable increase in contaminated water supply.,0,0,1
There is a noticeable increase in contaminated water supply.,0,0,1
Sensor alerts indicate stomach cramps. somehow,1,0,0
Experts warn of severe coughing.,1,0,0
Sensor alerts indicate difficulty breathing. somehow,1,0,0
Satellite data shows difficulty brething.,1,0,0
Local news reported on carbon monoxide buildup and from the massive construction site.,0,1,1
Local news reported on itchy skin rashes and from the commercial boiler exhaust.,1,1,0
Sensor alerts indicate lung congestion and radioactive waste leak.,1,0,1
There is a noticeable increase in from the petrochemical refinery. I think,0,1,0
Citizens are complaining about normal environmental conditions with no major issues reported.,0,0,0
Residents are reporting dangerous noise levels and from the manufacturing hub. maybe,0,1,1
We have observed burning eyes and pathogen-rich runoff and from the urban transportation hub.,1,1,1
Investigations reveal burning eyes.,1,0,0
Experts warn of lung congestion and from the waste incineration facility.,1,1,0
Experts warn of chronic fatigue.,1,0,0
Satellite data shows chronic fatigue.,1,0,0
Satellite data shows from the mining operations.,0,1,0
We have observed from the sewage treatment leak. somehow,0,1,0
We have observed heavy metal leaching.,0,0,1
Satellite data shows from the coal-fired power plant. somehow,0,1,0
Emergency services responded to from the unregulated agricultural runoff.,0,1,0
Investigations reveal hazardous fine dust particles and from the waste incineration facility.,0,1,1
Citizens are complaining about from the unregulated agricultural runoff. actually,0,1,0
Experts warn of difficulty breathing and microplastic contamination and from the heavy vehicle traffic. possibly,1,1,1
Satellite data shows shortness of breath.,1,0,0
Sensor alerts indicate harmful ozone levels and from the massive construction site.,0,1,1
Recent samples show from the manufacturing hub. somehow,0,1,0
Recent samples show nausea and dizziness and from the commercial boiler exhaust.,1,1,0
Sensor alerts indicate eye inflammation and from the massive construction site.,1,1,0
Satellite data shows nausea and dizziness. actually,1,0,0
Local news reported on difficulty breathing and carbon monoxide buildup and from the unregulated agricultural runoff.,1,1,1
Citizens are complaining about eye inflammation and contaminated water supply and from the metal processing unit.,1,1,1
The community is facing persistent asthma attacks and carbon monoxide buildup.,1,0,1
Experts warn of carbon monoxide buildup. maybe,0,0,1
Experts warn of normal environmental conditions with no major issues reported. like,0,0,0
Satellite data shows persistent asthma attacks.,1,0,0
Citizens are complaining about normal environmental conditions with no major issues reported.,0,0,0
There is a noticeable increase in throat irritation and noxious smoke clouds and from the commercial boiler exhaust.,1,1,1
We have observed nausea and dizziness and smog-filled atmosphere.,1,0,1
Experts warn of severe coughing. like,1,0,0
Residents are reporting dangerous noise levels.,0,0,1
The community is facing contaminated water supply.,0,0,1
Experts warn of eye inflammation and carbon monoxide buildup. actually,1,0,1
We have observed normal environmental conditions with no major issues reported.,0,0,0
Emergency services responded to allergic reactions.,1,0,0
Investigations reveal from the commercial boiler exhaust. maybe,0,1,0
Sensor alerts indicate difficulty breathing and from the metal processing unit. I think,1,1,0
Recent samples show from the mining operations.,0,1,0
The community is facing microplastic contamination. actually,0,0,1
There is a noticeable increase in heavy metal leaching.,0,0,1
Investigations reveal from the petrochemical refinery. possibly,0,1,0
Local news reported on severe coughing and pathogen-rich runoff and from the massive construction site.,1,1,1
Investigations reveal from the manufacturing hub. possibly,0,1,0
Local news reported on chronic fatigue and hazardous fine dust particles.,1,0,1
Local news reported on frequent diarrhea and hazardous fine dust particles.,1,0,1
We have observed noxious smoke clouds.,1,0,1
Citizens are complaining about frequent diarrhea and dangerous noise levels.,1,0,1
Recent samples show constant headaches and toxic chemical emissions and from the metal processing unit.,1,1,1
Satellite data shows dangerous noise levels.,0,0,1
Citizens are complaining about from the massive construction site. somehow,0,1,0
Experts warn of itchy skin rashes and from the heavy vehicle traffic.,1,1,0
Citizens are complaining about from the urban transportation hub.,0,1,0
Citizens are complaining about itchy skin rashes and polluted soil beds. somehow,1,0,1
Experts warn of harmful ozone levels. maybe,0,0,1
Sensor alerts indicate normal environmental conditions with no major issues reported.,0,0,0
Local news reported on noxious smoke clouds and from the petrochemical refinery.,0,1,1
Emergency services responded to normal environmental conditions with no major issues reported.,0,0,0
Sensor alerts indicate from the nearby chemical factory.,0,1,0
Residents are reporting burning eyes and sulfur dioxide stench and from the mining operations.,1,1,1
Sensor alerts indicate difficulty breathing and particulate matter spikes.,1,0,1
Recent samples show harmful ozone levels and from the manufacturing hub.,0,1,1
We have observed hazardous fine dust particles. I think,0,0,1
There is a noticeable increase in stomach cramps and noxious smoke clouds.,1,0,1
The community is facing radioactive waste leak.,0,0,1
We have observed stomach cramps and noxious smoke clouds. possibly,1,0,1
Experts warn of severe coughing.,1,0,0
There is a noticeable increase in itchy skin rashes. I think,1,0,0
Local news reported on throat irritation.,1,0,0
There is a noticeable increase in hazardous fine dust particles.,0,0,1
Local news reported on constant headaches.,1,0,0
Experts warn of throat irritation. somehow,1,0,0
Sensor alerts indicate from the metal processing unit. maybe,0,1,0
Residents are reporting burning eyes and contaminated water supply and from the commercial boiler exhaust.,1,1,1
Residents are reporting dangerous noise levels and from the illegal dumping ground.,0,1,1
Local news reported on toxic chemical emissions and from the local industrial plant.,0,1,1
Residents are reporting severe coughing and contaminated water supply. actually,1,0,1
Local news reported on carbon monoxide buildup.,0,0,1
Residents are reporting dangerous noise levels and from the manufacturing hub.,0,1,1
Emergency services responded to from the urban transportation hub. I think,0,1,0
Citizens are complaining about heavy metal leaching.,0,0,1
There is a noticeable increase in from the nearby chemical factory.,0,1,0
Recent samples show particulate matter spikes. like,0,0,1
Satellite data shows from the commercial boiler exhaust.,0,1,0
The community is facing particulate matter spikes.,0,0,1
Sensor alerts indicate polluted soil beds.,0,0,1
Residents are reporting radioactive waste leak. maybe,0,0,1
There is a noticeable increase in eye inflammation.,1,0,0
Local news reported on allergic reactions and contaminated water supply and from the manufacturing hub.,1,1,1
We have observed from the urban transportation hub. actually,0,1,0
Experts warn of allergic reactions.,1,0,0
Satellite data shows noxious smoke clouds. actually,0,0,1
Sensor alerts indicate from the local industrial plant. actually,0,1,0
Emergency services responded to shortness of breath and hazardous fine dust particles and from the unregulated agricultural runoff. maybe,1,1,1
Sensor alerts indicate eye inflammation and from the massive construction site.,1,1,0
Sensor alerts indicate lung congestion.,1,0,0
The community is facing stomach cramps. actually,1,0,0
Sensor alerts indicate sulfur dioxide stench and from the waste incineration facility.,0,1,1
Citizens are complaining about allergic reactions.,1,0,0
Residents are reporting nausea and dizziness and pathogen-rich runoff and from the unregulated agricultural runoff. maybe,1,1,1
We have observed smog-filled atmosphere and from the heavy vehicle traffic.,0,1,1
Satellite data shows itchy skin rashes.,1,0,0
We have observed nausea and dizziness.,1,0,0
Emergency services responded to constant headaches.,1,0,0
Residents are reporting burning eyes. maybe,1,0,0
Sensor alerts indicate difficulty breathing and hazardous fine dust particles and from the sewage treatment leak.,1,1,1
Investigations reveal eye inflammation and dangerous noise levels.,1,0,1
Recent samples show nausea and dizziness and from the coal-fired power plant.,1,1,0
There is a noticeable increase in eye inflammation and from the petrochemical refinery.,1,1,0
Recent samples show noxious smoke clouds and from the petrochemical refinery.,0,1,1
Recent samples show harmful ozone levels and from the heavy vehicle traffic.,0,1,1
Sensor alerts indicate frequent diarrhea.,1,0,0
Local news reported on from the local industrial plant.,0,1,0
Local news reported on dangerous noise levels. actually,0,0,1
Satellite data shows difficulty breathing and harmful ozone levels and from the massive construction site.,1,1,1
Residents are reporting frequent diarrhea and from the sewage treatment leak. possibly,1,1,0
Recent samples show stomach cramps. like,1,0,0
Residents are reporting allergic reactions and from the petrochemical refinery.,1,1,0
There is a noticeable increase in nausea and dizziness.,1,0,0
There is a noticeable increase in smog-filled atmosphere and from the massive construction site.,0,1,1
Experts warn of normal environmental conditions with no major issues reported. possibly,0,0,0
Emergency services responded to from the massive construction site.,0,1,0
Investigations reveal burning eyes.,1,0,0
Experts warn of heavy metal leaching and from the illegal dumping ground.,0,1,1
Satellite data shows throat irritation and from the coal-fired power plant. somehow,1,1,0
Investigations reveal from the local industrial plant. maybe,0,1,0
Investigations reveal contaminated water supply and from the unregulated agricultural runoff.,0,1,1
Emergency services responded to throat irritation.,1,0,0
The community is facing lung congestion.,1,0,0
Investigations reveal persistent asthma attacks and smog-filled atmosphere.,1,0,1
Residents are reporting frequent diarrhea. possibly,1,0,0
Recent samples show throat irritation and pathogen-rich runoff and from the coal-fired power plant.,1,1,1
Experts warn of from the massive construction site.,0,1,0
Emergency services responded to sulfur dioxide stench.,0,0,1
Experts warn of sulfur dioxide stench and from the nearby chemical factory. maybe,0,1,1
There is a noticeable increase in constant headaches and contaminated water supply and from the sewage treatment leak.,1,1,1
The community is facing hazardous fine dust particles and from the mining operations.,0,1,1
Experts warn of stomach cramps and harmful ozone levels. actually,1,0,1
Citizens are complaining about normal environmental conditions with no major issues reported.,0,0,0
Experts warn of polluted soil beds.,0,0,1
Residents are reporting toxic chemical emissions and from the urban transportation hub.,0,1,1
The community is facing normal environmental conditions with no major issues reported. like,0,0,0
Emergency services responded to from the nearby chemical factory.,0,1,0
There is a noticeable increase in persistent asthma attacks and hazardous fine dust particles and from the coal-fired power plant.,1,1,1
Citizens are complaining about normal environmental conditions with no major issues reported. I think,0,0,0
Residents are reporting shortness of breath and from the waste incineration facility.,1,1,0
Recent samples show from the mining operations.,0,1,0
There is a noticeable increase in noxious smoke clouds and from the manufacturing hub.,0,1,1
Sensor alerts indicate heavy metal leaching.,0,0,1
Citizens are complaining about itchy skin rashes. somehow,1,0,0
Local news reported on severe coughing and toxic chemical emissions.,1,0,1
Residents are reporting stomach cramps and heavy metal leaching and from the petrochemical refinery.,1,1,1
Sensor alerts indicate from the petrochemical refinery.,0,1,0
Citizens are complaining about smog-filled atmosphere. somehow,0,0,1
We have observed lung congestion and from the urban transportation hub.,1,1,0
Satellite data shows throat irritation and toxic chemical emissions and from the urban transportation hub. maybe,1,1,1
Recent samples show stomach cramps and from the illegal dumping ground.,1,1,0
Emergency services responded to persistent asthma attacks and particulate matter spikes and from the unregulated agricultural runoff.,1,1,1
We have observed carbon monoxide buildup.,0,0,1
Residents are reporting toxic chemical emissions. possibly,0,0,1
Residents are reporting allergic reactions and toxic chemical emissions.,1,0,1
Citizens are complaining about eye inflammation. actually,1,0,0
Emergency services responded to frequent diarrhea.,1,0,0
Local news reported on itchy skin rashes.,1,0,0
Residents are reporting burning eyes. like,1,0,0
Recent samples show severe coughing.,1,0,0
Experts warn of itchy skin rashes and smog-filled atmosphere and from the manufacturing hub.,1,1,1
Sensor alerts indicate smog-filled atmosphere and from the manufacturing hub.,0,1,1
Satellite data shows from the coal-fired power plant.,0,1,0
Recent samples show shortness of breath and from the unregulated agricultural runoff. possibly,1,1,0
Emergency services responded to heavy metal leaching and from the unregulated agricultural runoff.,0,1,1
Citizens are complaining about toxic chemical emissions.,0,0,1
Emergency services responded to persistent asthma attacks.,1,0,0
Local news reported on noxious smoke clouds.,0,0,1
Sensor alerts indicate shortness of breath and carbon monoxide buildup.,1,0,1
Citizens are complaining about pathogen-rich runoff and from the nearby chemical factory.,0,1,1
There is a noticeable increase in burning eyes and carbon monoxide buildup and from the waste incineration facility.,1,1,1
Residents are reporting throat irritation and contaminated water supply and from the waste incineration facility.,1,1,1
Sensor alerts indicate from the heavy vehicle traffic. actually,0,1,0
We have observed chronic fatigue.,1,0,0
Satellite data shows polluted soil beds.,0,0,1
Local news reported on frequent diarrhea and from the unregulated agricultural runoff.,1,1,0
Recent samples show eye inflammation. I think,1,0,0
We have observed itchy skin rashes and from the urban transportation hub. possibly,1,1,0
Emergency services responded to allergic reactions.,1,0,0
Investigations reveal stomach cramps and contaminated water supply and from the waste incineration facility. like,1,1,1
Investigations reveal from the unregulated agricultural runoff. possibly,0,1,0
Citizens are complaining about stomach cramps and from the commercial boiler exhaust.,1,1,0
Emergency services responded to constant headaches.,1,0,0
Recent samples show difficulty breathing and from the commercial boiler exhaust.,1,1,0
Local news reported on stomach cramps and contaminated water supply. somehow,1,0,1
Satellite data shows from the urban transportation hub.,0,1,0
Local news reported on severe coughing and toxic chemical emissions and from the coal-fired power plant.,1,1,1
We have observed particulate matter spikes.,0,0,1
Satellite data shows heavy metal leaching.,0,0,1
Investigations reveal normal environmental conditions with no major issues reported.,1,0,0
Sensor alerts indicate from the local industrial plant.,0,1,0
Sensor alerts indicate polluted soil beds and from the sewage treatment leak. I think,0,1,1
Citizens are complaining about burning eyes and radioactive waste leak and from the heavy vehicle traffic. I think,1,1,1
Emergency services responded to from the urban transportation hub. possibly,0,1,0
Recent samples show toxic chemical emissions and from the massive construction site.,0,1,1
Satellite data shows particulate matter spikes and from the waste incineration facility.,0,1,1
Emergency services responded to noxious smoke clouds and from the coal-fired power plant.,0,1,1
The community is facing frequent diarrhea and harmful ozone levels and from the massive construction site.,1,1,1
We have observed hazardous fine dust particles and from the sewage treatment leak.,0,1,1
Satellite data shows heavy metal leaching and from the urban transportation hub.,0,1,1
Experts warn of from the illegal dumping ground. possibly,0,1,0
Emergency services responded to noxious smoke clouds. I think,0,0,1
Residents are reporting frequent diarrhea and from the commercial boiler exhaust.,1,1,0
Residents are reporting sulfur dioxide stench and from the commercial boiler exhaust.,0,1,1
Citizens are complaining about allergic reactions and heavy metal leaching.,1,0,1
Sensor alerts indicate radioactive waste leak and from the heavy vehicle traffic.,0,1,1
Satellite data shows stomach cramps and toxic chemical emissions. actually,1,0,1
We have observed from the waste incineration facility.,0,1,0
Emergency services responded to persistent asthma attacks and from the metal processing unit. possibly,1,1,0
Local news reported on normal environmental conditions with no major issues reported.,0,0,0
Recent samples show chronic fatigue.,1,0,0
Experts warn of nausea and dizziness and smog-filled atmosphere. maybe,1,0,1
Residents are reporting eye inflammation and harmful ozone levels.,1,0,1
Satellite data shows heavy metal leaching and from the massive construction site.,0,1,1
We have observed lung congestion and from the local industrial plant. like,1,1,0
Citizens are complaining about hazardous fine dust particles.,0,0,1
There is a noticeable increase in persistent asthma attacks and from the illegal dumping ground.,1,1,0
Local news reported on contaminated water supply.,0,0,1
Recent samples show persistent asthma attacks and from the coal-fired power plant.,1,1,0
Investigations reveal eye inflammation and polluted soil beds.,1,0,1
The community is facing contaminated water supply. actually,0,0,1
The community is facing microplastic contamination and from the unregulated agricultural runoff.,0,1,1
Satellite data shows itchy skin rashes and sulfur dioxide stench and from the mining operations.,1,1,1
There is a noticeable increase in constant headaches and harmful ozone levels.,1,0,1
Experts warn of frequent diarrhea and contaminated water supply.,1,0,1
Sensor alerts indicate eye inflammation and microplastic contamination.,1,0,1
We have observed lung congestion and polluted soil beds.,1,0,1
Experts warn of persistent asthma attacks.,1,0,0
Residents are reporting polluted soil beds.,0,0,1
There is a noticeable increase in frequent diarrhea and toxic chemical emissions and from the illegal dumping ground. maybe,1,1,1
We have observed allergic reactions. possibly,1,0,0
Experts warn of constant headaches.,1,0,0
Sensor alerts indicate normal environmental conditions with no major issues reported.,0,0,0
Experts warn of nausea and dizziness and sulfur dioxide stench.,1,0,1
We have observed lung congestion.,1,0,0
The community is facing persistent asthma attacks and heavy metal leaching.,1,0,1
Sensor alerts indicate toxic chemical emissions.,0,0,1
The community is facing normal environmental conditions with no major issues reported.,0,0,0
Local news reported on from the local industrial plant.,0,1,0
Emergency services responded to itchy skin rashes and from the nearby chemical factory.,1,1,0
Experts warn of itchy skin rashes. possibly,1,0,0
Local news reported on particulate matter spikes and from the mining operations.,0,1,1
Emergency services responded to lung congestion and particulate matter spikes.,1,0,1
The community is facing from the unregulated agricultural runoff.,0,1,0
Local news reported on burning eyes and toxic chemical emissions and from the waste incineration facility.,1,1,1
Investigations reveal itchy skin rashes and from the waste incineration facility.,1,1,0
Citizens are complaining about allergic reactions and from the massive construction site.,1,1,0
Local news reported on contaminated water supply.,0,0,1
Residents are reporting from the mining operations.,0,1,0
Recent samples show frequent diarrhea and hazardous fine dust particles and from the illegal dumping ground.,1,1,1
Residents are reporting noxious smoke clouds.,0,0,1
The community is facing frequent diarrhea and from the mining operations.,1,1,0
There is a noticeable increase in from the urban transportation hub.,0,1,0
Local news reported on frequent diarrhea and harmful ozone levels and from the petrochemical refinery.,1,1,1
Recent samples show from the local industrial plant.,0,1,0
The community is facing sulfur dioxide stench and from the commercial boiler exhaust.,0,1,1
Investigations reveal persistent asthma attacks and sulfur dioxide stench and from the waste incineration facility.,1,1,1
Satellite data shows from the manufacturing hub.,0,1,0
We have observed harmful ozone levels and from the unregulated agricultural runoff. somehow,0,1,1
Residents are reporting itchy skin rashes. somehow,1,0,0
Sensor alerts indicate particulate matter spikes. actually,0,0,1
Experts warn of frequent diarrhea and sulfur dioxide stench and from the mining operations.,1,1,1
Emergency services responded to from the nearby chemical factory.,0,1,0
Recent samples show severe coughing and from the mining operations.,1,1,0
Sensor alerts indicate burning eyes and sulfur dioxide stench and from the unregulated agricultural runoff. maybe,1,1,1
We have observed from the manufacturing hub.,0,1,0
Satellite data shows difficulty breathing and from the unregulated agricultural runoff. actually,1,1,0
Citizens are complaining about burning eyes.,1,0,0
We have observed lung congestion and carbon monoxide buildup.,1,0,1
Sensor alerts indicate particulate matter spikes and from the petrochemical refinery.,0,1,1
There is a noticeable increase in severe coughing and noxious smoke clouds.,1,0,1
Investigations reveal difficulty breathing and from the unregulated agricultural runoff. I think,1,1,0
Experts warn of allergic reactions. maybe,1,0,0
Experts warn of hazardous fine dust particles and from the sewage treatment leak.,0,1,1
Satellite data shows harmful ozone levels and from the manufacturing hub. like,0,1,1
Emergency services responded to lung congestion and from the illegal dumping ground.,1,1,0
There is a noticeable increase in particulate matter spikes.,0,0,1
We have observed eye inflammation and from the waste incineration facility.,1,1,0
Satellite data shows smog-filled atmosphere and from the unregulated agricultural runoff.,0,1,1
We have observed radioactive waste leak and from the petrochemical refinery.,0,1,1
Emergency services responded to frequent diarrhea and from the petrochemical refinery.,1,1,0
There is a noticeable increase in difficulty brething and carbon monoxide buildup and from the illegal dumping ground. maybe,1,1,1
The community is facing noxious smoke clouds. somehow,0,0,1
Local news reported on harmful ozone levels.,0,0,1
The community is facing from the coal-fired power plant.,0,1,0
We have observed chronic fatigue and dangerous noise levels.,1,0,1
Recent samples show stomach cramps and toxic chemical emissions and from the mining operations. possibly,1,1,1
Satellite data shows from the local industrial plant.,0,1,0
Emergency services responded to sulfur dioxide stench and from the massive construction site.,0,1,1
Local news reported on from the urban transportation hub. like,0,1,0
Local news reported on chronic fatigue.,1,0,0
Experts warn of from the local industrial plant.,0,1,0
The community is facing hazardous fine dust particles.,0,0,0
We have observed eye inflammation and dangerous noise levels and from the nearby chemical factory. I think,1,1,1
Emergency services responded to from the nearby chemical factory.,0,1,0
Experts warn of from the illegal dumping ground.,0,1,0
Residents are reporting nausea and dizziness. possibly,1,0,0
Emergency services responded to severe coughing and sulfur dioxide stench.,1,0,1
We have observed burning eyes and harmful ozone levels and from the heavy vehicle traffic.,1,1,1
Emergency services responded to smog-filled atmosphere. like,0,0,1
We have observed throat irritation and from the commercial boiler exhaust.,1,1,0
Investigations reveal lung congestion and from the waste incineration facility.,1,1,0
We have observed shortness of breath and from the nearby chemical factory.,1,1,0
We have observed hazardous fine dust particles.,0,0,1
Citizens are complaining about particulate matter spikes and from the mining operations. somehow,0,1,1
There is a noticeable increase in throat irritation and harmful ozone levels.,1,0,1
Residents are reporting throat irritation and noxious smoke clouds and from the local industrial plant.,1,1,1
Recent samples show from the mining operations.,0,1,0
Residents are reporting from the coal-fired power plant. actually,0,1,0
Sensor alerts indicate frequent diarrhea and radioactive waste leak and from the commercial boiler exhaust.,1,1,1
Residents are reporting normal environmental conditions with no major issues reported.,0,0,0
Satellite data shows throat irritation and from the heavy vehicle traffic.,1,1,0
There is a noticeable increase in sulfur dioxide stench.,0,0,1
The community is facing difficulty breathing.,1,0,0
Emergency services responded to from the heavy vehicle traffic.,0,1,0
Satellite data shows heavy metal leaching.,0,0,1
Citizens are complaining about from the massive construction site. maybe,0,1,0
We have observed heavy metal leaching and from the sewage treatment leak.,0,1,1
Experts warn of microplastic contamination and from the unregulated agricultural runoff.,0,1,1
Investigations reveal nausea and dizziness and from the mining operations.,1,1,0
The community is facing from the mining operations.,0,1,0
We have observed pathogen-rich runoff. like,0,0,1
Experts warn of from the unregulated agricultural runoff.,0,1,0
Recent samples show normal environmental conditions with no major issues reported.,0,0,0
The community is facing particulate matter spikes and from the coal-fired power plant.,0,1,1
There is a noticeable increase in eye inflammation and toxic chemical emissions and from the unregulated agricultural runoff.,1,1,1
Recent samples show allergic reactions.,1,0,0
Investigations reveal from the waste incineration facility.,0,1,0
Emergency services responded to particulate matter spikes and from the commercial boiler exhaust.,0,1,1
Emergency services responded to severe coughing.,1,0,0
Local news reported on from the heavy vehicle traffic.,0,1,0
Investigations reveal normal environmental conditions with no major issues reported. somehow,0,0,0
Local news reported on pathogen-rich runoff and from the coal-fired power plant.,0,1,1
Emergency services responded to contaminated water supply and from the mining operations. actually,0,1,1
Sensor alerts indicate sulfur dioxide stench.,0,0,1
Citizens are complaining about itchy skin rashes and from the commercial boiler exhaust. like,1,1,0
We have observed normal environmental conditions with no major issues reported.,0,0,0
Sensor alerts indicate particulate matter spikes and from the nearby chemical factory. like,0,1,1
Investigations reveal harmful ozone levels. like,0,0,1
Residents are reporting difficulty breathing and heavy metal leaching and from the heavy vehicle traffic.,1,1,1
Experts warn of allergic reactions and from the urban transportation hub.,1,1,0
Satellite data shows pathogen-rich runoff.,0,0,1
There is a noticeable increase in hazardous fine dust particles. like,0,0,1
Sensor alerts indicate lung congestion and from the illegal dumping ground. actually,1,1,0
The community is facing burning eyes and polluted soil beds.,1,0,1
Citizens are complaining about nausea and dizziness and from the coal-fired power plant.,1,1,0
Residents are reporting throat irritation and radioactive waste leak.,1,0,1
Sensor alerts indicate sulfur dioxide stench.,0,0,1
Local news reported on lung congestion and contaminated water supply. actually,1,0,1
Citizens are complaining about allergic reactions and smog-filled atmosphere.,1,0,1
Local news reported on itchy skin rashes and from the mining operations.,1,1,0
Citizens are complaining about pathogen-rich runoff.,0,0,1
Emergency services responded to carbon monoxide buildup and from the local industrial plant.,0,1,1
Residents are reporting harmful ozone levels.,0,0,1
Recent samples show nausea and dizziness and heavy metal leaching and from the local industrial plant.,1,1,1
Recent samples show frequent diarrhea and dangerous noise levels and from the illegal dumping ground.,1,1,1
The community is facing itchy skin rashes and sulfur dioxide stench and from the coal-fired power plant. I think,1,1,1
Sensor alerts indicate dangerous noise levels. maybe,0,0,1
Investigations reveal difficulty breathing and harmful ozone levels.,1,0,1
Satellite data shows constant headaches. actually,1,0,0
Residents are reporting eye inflammation and microplastic contamination and from the heavy vehicle traffic. maybe,1,1,1
The community is facing frequent diarrhea.,1,0,0
Residents are reporting shortness of breath.,1,0,0
Sensor alerts indicate radioactive waste leak and from the heavy vehicle traffic.,0,1,1
Satellite data shows radioactive waste leak and from the commercial boiler exhaust. I think,0,1,1
Sensor alerts indicate polluted soil beds.,0,0,1
The community is facing allergic reactions and particulate matter spikes.,1,0,1
Experts warn of itchy skin rashes.,1,0,0
Emergency services responded to nausea and dizziness and heavy metal leaching and from the illegal dumping ground. maybe,1,1,1
Sensor alerts indicate itchy skin rashes and polluted soil beds and from the manufacturing hub.,1,1,1
Investigations reveal normal environmental conditions with no major issues reported. maybe,0,0,0
Emergency services responded to pathogen-rich runoff.,0,0,1
Satellite data shows dangerous noise levels and from the commercial boiler exhaust.,0,1,1
Local news reported on dangerous noise levels. like,0,0,1
Emergency services responded to frequent diarrhea.,1,0,0
There is a noticeable increase in noxious smoke clouds. I think,0,0,1
Citizens are complaining about from the sewage treatment leak.,0,1,0
Investigations reveal itchy skin rashes and toxic chemical emissions and from the mining operations.,1,1,1
We have observed from the nearby chemical factory.,0,1,0
There is a noticeable increase in frequent diarrhea and from the waste incineration facility. like,1,1,0
Experts warn of smog-filled atmosphere.,0,0,1
Citizens are complaining about severe coughing and particulate matter spikes and from the sewage treatment leak.,1,1,1
Residents are reporting persistent asthma attacks.,1,0,0
Recent samples show constant headaches and pathogen-rich runoff and from the urban transportation hub.,1,1,1
Satellite data shows severe coughing.,1,0,1
Experts warn of chronic fatigue.,1,0,0
Local news reported on lung congestion and particulate matter spikes.,1,0,1
We have observed from the sewage treatment leak.,0,1,0
Experts warn of sulfur dioxide stench.,0,0,1
Satellite data shows chronic fatigue and from the metal processing unit. possibly,1,1,0
Emergency services responded to normal environmental conditions with no major issues reported.,0,0,0
The community is facing from the sewage treatment leak. possibly,0,1,0
Recent samples show shortness of breath.,1,0,0
Satellite data shows difficulty breathing.,1,0,0
Local news reported on frequent diarrhea and heavy metal leaching and from the sewage treatment leak.,1,1,1
Sensor alerts indicate persistent asthma attacks and from the sewage treatment leak.,1,1,0
There is a noticeable increase in normal environmental conditions with no major issues reported.,0,0,0
Local news reported on sulfur dioxide stench.,0,0,1
We have observed hazardous fine dust particles. like,0,0,1
There is a noticeable increase in pathogen-rich runoff. actually,0,0,1
There is a noticeable increase in particulate matter spikes and from the coal-fired power plant.,0,1,1
The community is facing noxious smoke clouds and from the waste incineration facility.,0,1,1
Recent samples show frequent diarrhea and carbon monoxide buildup. like,1,0,1
We have observed nausea and dizziness and contaminated water supply and from the metal processing unit. somehow,1,1,1
Experts warn of severe coughing and from the petrochemical refinery.,1,1,0
We have observed normal environmental conditions with no major issues reported.,0,0,0
Investigations reveal persistent asthma attacks. maybe,1,0,0
Satellite data shows from the illegal dumping ground. I think,0,1,0
There is a noticeable increase in throat irritation and from the waste incineration facility.,1,1,0
Sensor alerts indicate from the local industrial plant.,0,1,0
Recent samples show itchy skin rashes and from the illegal dumping ground.,1,1,0
Sensor alerts indicate eye inflammation and dangerous noise levels and from the local industrial plant.,1,1,1
We have observed chronic fatigue and from the commercial boiler exhaust.,1,1,0
We have observed itchy skin rashes and from the heavy vehicle traffic.,1,0,0
Emergency services responded to shortness of breath.,1,0,0
Satellite data shows pathogen-rich runoff.,0,0,1
Investigations reveal hazardous fine dust particles and from the nearby chemical factory. somehow,0,1,1
Residents are reporting nausea and dizziness and from the nearby chemical factory.,1,1,0
We have observed toxic chemical emissions and from the manufacturing hub. actually,0,1,1
Recent samples show dangerous noise levels.,0,0,1
Citizens are complaining about carbon monoxide buildup.,0,0,0
Residents are reporting from the sewage treatment leak.,0,1,0
Sensor alerts indicate stomach cramps and sulfur dioxide stench.,1,0,1
Emergency services responded to eye inflammation and polluted soil beds and from the petrochemical refinery.,1,1,1
Local news reported on throat irritation.,1,0,0
Experts warn of from the nearby chemical factory. actually,0,1,0
We have observed stomach cramps and carbon monoxide buildup and from the mining operations. like,1,1,1
Emergency services responded to difficulty breathing.,1,0,0
Experts warn of from the metal processing unit.,0,1,0
Recent samples show sulfur dioxide stench and from the manufacturing hub.,0,1,1
Recent samples show difficulty breathing and from the manufacturing hub.,1,1,0
Investigations reveal normal environmental conditions with no major issues reported.,0,0,0
Experts warn of noxious smoke clouds.,0,0,1
Sensor alerts indicate frequent diarrhea and toxic chemical emissions.,1,1,1
Citizens are complaining about dangerous noise levels and from the illegal dumping ground. like,0,1,1
Sensor alerts indicate stomach cramps and from the coal-fired power plant.,1,1,0
Citizens are complaining about lung congestion and from the mining operations. possibly,1,1,0
Sensor alerts indicate frequent diarrhea and microplastic contamination and from the urban transportation hub.,1,1,1
Recent samples show pathogen-rich runoff and from the massive construction site.,0,1,1
The community is facing chronic fatigue.,1,0,0
There is a noticeable increase in pathogen-rich runoff and from the manufacturing hub.,0,1,1
We have observed carbon monoxide buildup. somehow,0,0,1
Satellite data shows normal environmental conditions with no major issues reported.,0,0,0
There is a noticeable increase in burning eyes and particulate matter spikes and from the unregulated agricultural runoff.,1,1,1
The community is facing severe coughing. possibly,1,0,0
The community is facing dangerous noise levels.,0,0,1
The community is facing eye inflammation.,1,0,0
Emergency services responded to chronic fatigue and hazardous fine dust particles and from the mining operations.,1,1,1
Sensor alerts indicate chronic fatigue and particulate matter spikes and from the waste incineration facility.,1,1,1
Experts warn of from the waste incineration facility.,0,1,0
The community is facing harmful ozone levels.,0,0,1
Satellite data shows lung congestion. actually,1,0,0
The community is facing frequent diarrhea and heavy metal leaching and from the petrochemical refinery. somehow,1,1,1
Investigations reveal eye inflammation and carbon monoxide buildup and from the sewage treatment leak. possibly,1,1,1
We have observed severe coughing.,1,0,0
Recent samples show hazardous fine dust particles.,0,0,1
There is a noticeable increase in from the unregulated agricultural runoff.,0,1,0
Local news reported on shortness of breath and polluted soil beds and from the metal processing unit.,1,1,1
Satellite data shows constant headaches and toxic chemical emissions.,1,0,1
The community is facing carbon monoxide buildup.,0,0,1
Citizens are complaining about stomach cramps. actually,1,0,0
The community is facing burning eyes and from the metal processing unit. like,1,1,0
Sensor alerts indicate normal environmental conditions with no major issues reported.,0,0,0
Satellite data shows lung congestion and from the coal-fired power plant.,1,1,0
Emergency services responded to allergic reactions and toxic chemical emissions and from the commercial boiler exhaust.,1,1,1
There is a noticeable increase in shortness of breath and particulate matter spikes and from the local industrial plant.,1,1,1
Local news reported on smog-filled atmosphere.,0,0,1
Satellite data shows constant headaches and from the nearby chemical factory.,1,1,0
Investigations reveal shortness of breath and harmful ozone levels and from the petrochemical refinery.,1,1,1
There is a noticeable increase in heavy metal leaching.,0,0,1
We have observed noxious smoke clouds.,0,0,1
There is a noticeable increase in eye inflammation. somehow,1,0,0
Emergency services responded to constant headaches and from the coal-fired power plant.,1,1,0
We have observed frequent diarrhea. actually,1,0,0
Sensor alerts indicate lung congestion and from the manufacturing hub.,1,1,0
Emergency services responded to persistent asthma attacks and from the massive construction site.,1,1,0
Emergency services responded to difficulty breathing.,1,0,0
Residents are reporting stomach cramps and toxic chemical emissions and from the petrochemical refinery.,1,1,1
Experts warn of allergic reactions.,1,0,0
Satellite data shows from the massive construction site. like,0,1,0
Investigations reveal allergic reactions and sulfur dioxide stench and from the waste incineration facility.,1,1,0
Investigations reveal nausea and dizziness and contaminated water supply and from the local industrial plant.,1,1,1
Experts warn of normal environmental conditions with no major issues reported.,0,1,0
Local news reported on from the mining operations.,0,1,0
Emergency services responded to frequent diarrhea.,1,0,0
There is a noticeable increase in throat irritation.,1,0,0
Recent samples show frequent diarrhea and microplastic contamination.,1,0,1
Investigations reveal from the manufacturing hub. somehow,0,1,0
Satellite data shows smog-filled atmosphere and from the coal-fired power plant.,0,1,1
Residents are reporting from the illegal dumping ground.,0,1,0
Experts warn of contaminated water supply and from the manufacturing hub.,0,1,1
We have observed persistent asthma attacks and radioactive waste leak and from the heavy vehicle traffic. actually,1,1,1
Sensor alerts indicate stomach cramps and from the commercial boiler exhaust.,1,1,0
Satellite data shows itchy skin rashes.,1,0,0
Experts warn of polluted soil beds and from the sewage treatment leak.,0,1,1
Experts warn of radioactive waste leak and from the metal processing unit.,0,1,1
The community is facing chronic fatigue and sulfur dioxide stench.,1,0,1
The community is facing from the commercial boiler exhaust. I think,0,1,0
Satellite data shows pathogen-rich runoff. I think,0,0,1
We have observed nausea and dizziness.,1,0,0
Experts warn of harmful ozone levels and from the massive construction site. actually,0,1,1
We have observed smog-filled atmosphere. I think,0,0,1
Citizens are complaining about chronic fatigue and from the sewage treatment leak.,1,1,0
We have observed from the coal-fired power plant.,0,1,0
Recent samples show hazardous fine dust particles.,0,0,1
Investigations reveal shortness of breath and carbon monoxide buildup.,1,0,1
Residents are reporting burning eyes and radioactive waste leak and from the sewage treatment leak. possibly,1,1,1
Recent samples show microplastic contamination and from the unregulated agricultural runoff.,0,1,1
We have observed from the local industrial plant. like,0,1,0
Emergency services responded to carbon monoxide buildup. somehow,0,0,1
Residents are reporting frequent diarrhea.,1,0,0
There is a noticeable increase in constant headaches. possibly,1,0,0
Emergency services responded to shortness of breath and sulfur dioxide stench.,1,0,1
The community is facing constant headaches.,1,0,0
Citizens are complaining about shortness of breath and from the urban transportation hub.,1,1,0
Satellite data shows severe coughing and from the commercial boiler exhaust.,1,1,1
Local news reported on allergic reactions. somehow,1,0,0
Recent samples show burning eyes and smog-filled atmosphere and from the manufacturing hub.,1,1,1
Citizens are complaining about persistent asthma attacks.,1,0,0
Emergency services responded to contaminated water supply.,0,0,1
Sensor alerts indicate polluted soil beds and from the mining operations.,0,1,1
Local news reported on throat irritation and from the sewage treatment leak. actually,1,1,0
We have observed chronic fatigue and from the urban transportation hub. like,1,1,0
Recent samples show from the commercial boiler exhaust.,1,1,0
Residents are reporting shortness of breath.,1,0,0
Emergency services responded to particulate matter spikes. I think,0,0,1
We have observed burning eyes and carbon monoxide buildup. actually,1,0,1
The community is facing harmful ozone levels and from the local industrial plant.,0,1,1
Investigations reveal stomach cramps.,1,0,0
We have observed normal environmental conditions with no major issues reported.,0,0,0
Satellite data shows noxious smoke clouds.,0,0,1
Sensor alerts indicate stomach cramps and harmful ozone levels and from the manufacturing hub.,1,1,1
Citizens are complaining about carbon monoxide buildup and from the urban transportation hub. I think,0,1,1
Experts warn of throat irritation and from the coal-fired power plant.,1,1,0
There is a noticeable increase in nausea and dizziness and heavy metal leaching.,1,0,1
Sensor alerts indicate eye inflammation and radioactive waste leak.,1,0,1
Experts warn of stomach cramps and noxious smoke clouds.,1,0,1
Experts warn of radioactive waste leak and from the manufacturing hub.,0,1,1
There is a noticeable increase in lung congestion and from the coal-fired power plant.,1,1,0
Satellite data shows severe coughing and from the commercial boiler exhaust.,1,1,0
Recent samples show severe coughing.,1,0,0
Investigations reveal throat irritation and radioactive waste leak.,1,0,1
Sensor alerts indicate eye inflammation and toxic chemical emissions. like,1,0,1
Local news reported on chronic fatigue and from the local industrial plant.,1,1,0
Residents are reporting stomach cramps and toxic chemical emissions and from the illegal dumping ground.,1,1,1
Residents are reporting persistent asthma attacks and polluted soil beds.,1,0,1
Satellite data shows polluted soil beds and from the local industrial plant. possibly,0,1,1
The community is facing normal environmental conditions with no major issues reported.,0,0,0
Sensor alerts indicate from the mining operations.,0,1,0
Experts warn of lung congestion and radioactive waste leak and from the illegal dumping ground. somehow,1,1,1
There is a noticeable increase in hazardous fine dust particles and from the waste incineration facility.,0,1,1
Experts warn of heavy metal leaching and from the waste incineration facility.,0,1,1
We have observed severe coughing and from the urban transportation hub.,1,1,0
Emergency services responded to particulate matter spikes and from the heavy vehicle traffic.,0,1,1
Sensor alerts indicate frequent diarrhea and carbon monoxide buildup.,1,0,1
Citizens are complaining about noxious smoke clouds.,0,0,1
There is a noticeable increase in burning eyes and from the mining operations.,1,1,0
We have observed normal environmental conditions with no major issues reported.,0,0,0
Residents are reporting persistent asthma attacks and noxious smoke clouds and from the manufacturing hub.,1,1,1
Sensor alerts indicate stomach cramps and from the illegal dumping ground.,1,1,0
Experts warn of allergic reactions.,1,0,0
Recent samples show shortness of breath and dangerous noise levels. like,1,0,1
Experts warn of severe coughing.,1,0,0
Local news reported on burning eyes and sulfur dioxide stench.,1,0,1
Recent samples show harmful ozone levels and from the heavy vehicle traffic.,0,1,1
Experts warn of polluted soil beds.,0,0,1
Local news reported on throat irritation and from the massive construction site.,1,1,0
Residents are reporting chronic fatigue and noxious smoke clouds and from the mining operations.,1,1,1
We have observed allergic reactions and particulate matter spikes and from the urban transportation hub. actually,1,1,1
The community is facing hazardous fine dust particles and from the petrochemical refinery.,0,1,1
Citizens are complaining about smog-filled atmosphere. like,0,0,1
Sensor alerts indicate from the urban transportation hub.,0,1,0
Recent samples show severe coughing.,1,0,0
Investigations reveal itchy skin rashes and from the unregulated agricultural runoff. I think,1,1,0
The community is facing severe coughing and toxic chemical emissions and from the sewage treatment leak.,1,1,1
Citizens are complaining about hazardous fine dust particles and from the nearby chemical factory.,0,1,1
Sensor alerts indicate throat irritation. somehow,1,0,0
Emergency services responded to from the urban transportation hub. I think,0,1,0
Investigations reveal from the petrochemical refinery.,0,1,0
Experts warn of polluted soil beds. possibly,0,0,1
Emergency services responded to heavy metal leaching. actually,0,0,1
Recent samples show difficulty breathing.,1,0,0
Recent samples show dangerous noise levels.,0,0,1
Recent samples show difficulty breathing and toxic chemical emissions.,1,0,1
Sensor alerts indicate lung congestion and harmful ozone levels. somehow,1,0,1
Sensor alerts indicate difficulty breathing and sulfur dioxide stench.,1,0,1
There is a noticeable increase in noxious smoke clouds and from the illegal dumping ground.,0,1,1
There is a noticeable increase in lung congestion.,1,0,0
Experts warn of stomach cramps. maybe,1,0,0
Sensor alerts indicate radioactive waste leak.,0,0,1
Emergency services responded to throat irritation and microplastic contamination.,1,0,1
